Дата,Сумма
2024-02-04,45605.31
2024-02-19,58103.87
2024-02-23,88105.98
2024-02-22,32635.79
2024-02-12,87792.81
2024-02-06,5214.32
2024-02-04,45267.38
2024-02-23,70475.71
2024-02-03,43320.57
2024-02-16,91287.44
2024-02-22,40124.63
2024-02-13,50320.36
2024-02-24,73461.85
2024-02-07,55015.74
2024-02-09,50059.87
2024-02-22,19342.53
2024-02-11,17069.62
2024-02-02,35319.72
2024-02-11,56127.92
2024-02-23,68847.32
2024-02-11,59613.07
2024-02-04,3893.27
2024-02-27,65605.69
2024-02-16,31651.32
2024-02-21,47017.28
2024-02-11,12655.15
2024-02-08,90015.91
2024-02-20,29745.85
2024-02-05,41552.22
2024-02-24,22140.55
2024-02-10,36576.95
2024-02-09,30382.75
2024-02-03,19825.93
2024-02-12,77276.39
2024-02-09,84949.33
2024-02-24,77702.8
2024-02-19,50372.75
2024-02-20,9143.4
2024-02-18,56104.37
2024-02-28,4934.55
2024-02-09,74452.26
2024-02-09,45248.37
2024-02-12,13079.42
2024-02-20,89284.62
2024-02-18,26408.09
2024-02-09,92678
2024-02-09,56387.92
2024-02-22,92780.15
2024-02-19,81781.53
2024-02-14,70592.65
2024-02-14,86568.71
2024-02-07,91602.79
2024-02-11,48350.57
2024-02-09,90193.05
2024-02-21,94930.06
2024-02-14,71605.36
2024-02-16,71350.86
2024-02-11,33077.86
2024-02-08,8720.81
2024-02-26,41859.45
2024-02-13,72044.84
2024-02-28,26176.97
2024-02-23,84813.46
2024-02-14,12510.1
2024-02-20,7385.24
2024-02-27,21811.41
2024-02-25,22005.32
2024-02-05,84065.95
2024-02-01,29941.44
2024-02-27,71825.34
2024-02-23,52808.29
2024-02-10,79030.82
2024-02-03,9505.26
2024-02-24,60637.67
2024-02-14,57750.7
2024-02-19,58310.53
2024-02-10,38433.14
2024-02-01,38099.92
2024-02-27,63095.46
2024-02-25,20075.43
2024-02-23,37259.7
2024-02-09,34141.23
2024-02-20,12856.67
2024-02-18,3159.43
2024-02-05,26599.17
2024-02-05,27468.1
2024-02-16,59793.84
2024-02-07,78037.66
2024-02-09,96702.73
2024-02-01,71149.35
2024-02-23,24060.15
2024-02-26,52023.04
2024-02-23,18021.29
2024-02-14,52311.76
2024-02-09,59651.1
2024-02-01,96290.8
2024-02-21,41512.88
2024-02-28,89258.91
2024-02-09,99230.03
2024-02-19,19976.45
2024-02-13,5242.13
2024-02-10,65333.62
2024-02-25,88395.33
2024-02-23,10810.22
2024-02-11,88669.02
2024-02-19,91310.32
2024-02-17,98324.84
2024-02-17,90300.03
2024-02-07,13885.24
2024-02-02,3632.87
2024-02-25,7942.41
2024-02-25,54981.63
2024-02-19,81323.48
2024-02-25,35554.53
2024-02-22,62108.99
2024-02-27,53619.75
2024-02-24,56493.08
2024-02-06,60684.12
2024-02-11,97379.83
2024-02-25,79525.05
2024-02-18,84286.1
2024-02-16,18092.82
2024-02-28,86515.26
2024-02-20,58612.62
2024-02-01,89783.77
2024-02-09,79247.93
2024-02-07,48649.89
2024-02-10,54340.07
2024-02-24,4596.26
2024-02-18,42657.45
2024-02-10,68451.94
2024-02-14,23782.32
2024-02-16,55036.11
2024-02-06,3713.27
2024-02-25,68545.34
2024-02-26,60174.01
2024-02-15,74456.35
2024-02-17,87076.3
2024-02-17,23019.55
2024-02-10,44893.56
2024-02-21,22829.56
2024-02-28,25305.03
2024-02-07,47820.99
2024-02-02,18218.12
2024-02-22,8897.24
2024-02-21,86757.98
2024-02-23,87529.5
2024-02-22,634.97
2024-02-19,36560.13
2024-02-01,78033.27
2024-02-04,1270.59
2024-02-29,65091.25
2024-02-05,98923.16
2024-02-28,77393.7
2024-02-16,38150.81
2024-02-19,26277.4
2024-02-08,4540.01
2024-02-05,49938
2024-02-14,32271.97
2024-02-03,39208.3
2024-02-25,86847.47
2024-02-12,50815.55
2024-02-13,55552.7
2024-02-07,8115.56
2024-02-19,50252.97
2024-02-13,8258.72
2024-02-08,29556.39
2024-02-04,98339.29
2024-02-06,48428.29
2024-02-21,19989.56
2024-02-13,66045.19
2024-02-17,60659.59
2024-02-13,71859.58
2024-02-21,45977.9
2024-02-15,42394.52
2024-02-03,68796.05
2024-02-12,50602.02
2024-02-21,9635.34
2024-02-09,26250.68
2024-02-04,97508.05
2024-02-08,66133.4
2024-02-25,3209.85
2024-02-03,58983.33
2024-02-21,69879.99
2024-02-12,58616.2
2024-02-14,98695.22
2024-02-13,9148.41
2024-02-09,27866.22
2024-02-18,99410.82
2024-02-09,21160.94
2024-02-05,45834.17
2024-02-23,75641.8
2024-02-10,54691.58
2024-02-16,11062.26
2024-02-21,32523.03
2024-02-22,29317.32
2024-02-04,15249.73
2024-02-05,78639.05
2024-02-14,56218.2
2024-02-26,49592.52
2024-02-26,51447.19
2024-02-10,46421.74
2024-02-26,61045.22
2024-02-05,44976.91
2024-02-07,4990.32
2024-02-16,16556.92
2024-02-26,6984.91
2024-02-17,78897.72
2024-02-22,3777.42
2024-02-22,72371.35
2024-02-10,70762.44
2024-02-10,8960.38
2024-02-12,17893.67
2024-02-28,52440.93
2024-02-25,72877.85
2024-02-14,89882.15
2024-02-28,52274.52
2024-02-10,71381.41
2024-02-08,54264
2024-02-01,3000.94
2024-02-22,42204.9
2024-02-28,99104.8
2024-02-12,45197.92
2024-02-04,50785.39
2024-02-19,10004.98
2024-02-13,75797.48
2024-02-21,81983.27
2024-02-28,54027.68
2024-02-11,20114.63
2024-02-21,32286.15
2024-02-07,42565.84
2024-02-11,88147.31
2024-02-28,50979.72
2024-02-09,54047.43
2024-02-14,55215.76
2024-02-20,17238.05
2024-02-13,64725.83
2024-02-07,36422.07
2024-02-27,49306.33
2024-02-08,34463.64
2024-02-08,76950.21
2024-02-01,73414.74
2024-02-10,31971.37
2024-02-20,75876.33
2024-02-14,11172.53
2024-02-13,3013.81
2024-02-21,77299.45
2024-02-24,46647.69
2024-02-01,11566.11
2024-02-16,79463.18
2024-02-22,54426.94
2024-02-15,6429.31
2024-02-04,54305.34
2024-02-21,43724.91
2024-02-18,97359.16
2024-02-08,89313.31
2024-02-14,39064.52
2024-02-26,99021.26
2024-02-26,30868.95
2024-02-28,62223.5
2024-02-20,1496.53
2024-02-20,83839.11
2024-02-09,57730.26
2024-02-28,53874.55
2024-02-21,71152.13
2024-02-09,53655.5
2024-02-18,32078.44
2024-02-03,80239.52
2024-02-16,36223.92
2024-02-14,43470.18
2024-02-24,91964.56
2024-02-15,93005.25
2024-02-22,73954.8
2024-02-11,2443.83
2024-02-03,8059.29
2024-02-01,90484.76
2024-02-03,7843.11
2024-02-12,8494.17
2024-02-03,7369.89
2024-02-25,80131.95
2024-02-06,36777.12
2024-02-05,20464.63
2024-02-25,97295.58
2024-02-27,65562
2024-02-03,17771
2024-02-02,98316.85
2024-02-14,70227.45
2024-02-24,21582.08
2024-02-20,92624.69
2024-02-08,84339.69
2024-02-11,90195.39
2024-02-12,41969.42
2024-02-22,90199.3
2024-02-18,14332.19
2024-02-01,65003.37
2024-02-03,6485.8
2024-02-16,59281.74
2024-02-13,25227.7
2024-02-10,9363.08
2024-02-14,9652.81
2024-02-27,24354.57
2024-02-22,40257.87
2024-02-22,24457.03
2024-02-28,59070.9
2024-02-07,50896.64
2024-02-17,16120.95
2024-02-07,22979.6
2024-02-12,1282.34
2024-02-05,6491.29
2024-02-04,31036.66
2024-02-21,14472.4
2024-02-05,53692.23
2024-02-27,95356.23
2024-02-16,56570.2
2024-02-05,70837.55
2024-02-16,36537.04
2024-02-16,68146.3
2024-02-16,93510.02
2024-02-01,16448.25
2024-02-04,73789.38
2024-02-24,23587.91
2024-02-07,59965.82
2024-02-12,43609.17
2024-02-26,33657.3
2024-02-02,67233.58
2024-02-09,16996.99
2024-02-10,23862.24
2024-02-12,72760.99
2024-02-23,1674.11
2024-02-11,46401.32
2024-02-19,49135.34
2024-02-28,93427.78
2024-02-04,52321.13
2024-02-12,35647.01
2024-02-03,5907.72
2024-02-23,48848.92
2024-02-07,38685.36
2024-02-17,1973.76
2024-02-11,52192.95
2024-02-22,21517.19
2024-02-20,25350.1
2024-02-03,26653.42
2024-02-17,4681.1
2024-02-14,1721.11
2024-02-08,87522.63
2024-02-03,99466.04
2024-02-13,18717.87
2024-02-18,81820.11
2024-02-01,50051.79
2024-02-28,21779.46
2024-02-22,17414.95
2024-02-22,39357.65
2024-02-06,94355.65
2024-02-03,94695.51
2024-02-19,40299.39
2024-02-17,41531.74
2024-02-07,98472.42
2024-02-20,33042.14
2024-02-24,38323.22
2024-02-13,18025.59
2024-02-02,33223.94
2024-02-20,85601.67
2024-02-17,30957.92
2024-02-26,47184.69
2024-02-08,13707.36
2024-02-26,20780.3
2024-02-26,81473.89
2024-02-19,76779.17
2024-02-17,43007.34
2024-02-24,77639.39
2024-02-17,90228.01
2024-02-03,33835.21
2024-02-08,10794.23
2024-02-27,25057.9
2024-02-21,8211.1
2024-02-03,37996.21
2024-02-20,26678.22
2024-02-23,53606.01
2024-02-19,26722.47
2024-02-02,81405.56
2024-02-04,21086.76
2024-02-09,41117.89
2024-02-09,41603.3
2024-02-27,36541.33
2024-02-09,66589.49
2024-02-03,39082.69
2024-02-22,39485.94
2024-02-22,38719.89
2024-02-13,89206.56
2024-02-22,68240.14
2024-02-20,29583.91
2024-02-10,87224.04
2024-02-26,49063.41
2024-02-03,45364.52
2024-02-12,56296.9
2024-02-25,24694.81
2024-02-01,74907.11
2024-02-06,91877.9
2024-02-21,96129.82
2024-02-25,69293.05
2024-02-21,11047.67
2024-02-05,85524.56
2024-02-08,16525.15
2024-02-07,59737.93
2024-02-23,19062.54
2024-02-27,55539.13
2024-02-12,13231.55
2024-02-20,62996.7
2024-02-22,81812.5
2024-02-24,47472.11
2024-02-28,61790
2024-02-18,4696.95
2024-02-01,31905.03
2024-02-19,97818.21
2024-02-13,89038.09
2024-02-02,57069.29
2024-02-14,85866.86
2024-02-17,72223.88
2024-02-18,72220.7
2024-02-08,15842.38
2024-02-14,7660.07
2024-02-27,56350.95
2024-02-19,41243.77
2024-02-20,57194.32
2024-02-23,56574.71
2024-02-20,76556.63
2024-02-09,41014.46
2024-02-26,22198.41
2024-02-18,11328.14
2024-02-19,27860.16
2024-02-21,65490.17
2024-02-28,4213.62
2024-02-24,46362.68
2024-02-20,69002.94
2024-02-18,62053.69
2024-02-09,34013.02
2024-02-05,39787.63
2024-02-25,23614.12
2024-02-22,32224.6
2024-02-15,27156.67
2024-02-14,43950.42
2024-02-21,80745.92
2024-02-02,27660.91
2024-02-06,36281.15
2024-02-22,74699.32
2024-02-27,46271.58
2024-02-26,48850.82
2024-02-24,50651.83
2024-02-28,1838.98
2024-02-02,50102.52
2024-02-06,17147.81
2024-02-11,17596.84
2024-02-25,90691.32
2024-02-04,48971.44
2024-02-16,22039.87
2024-02-23,92006.86
2024-02-22,18939.17
2024-02-15,40564.29
2024-02-16,13510.83
2024-02-02,89039.01
2024-02-06,98603.3
2024-02-15,48102.84
2024-02-20,55636.47
2024-02-15,92171.94
2024-02-28,46446.21
2024-02-06,38865.94
2024-02-19,33493.12
2024-02-05,14153.41
2024-02-25,24138.26
2024-02-23,85261.56
2024-02-08,77216.75
2024-02-28,97455.47
2024-02-03,88338.53
2024-02-09,13338.76
2024-02-18,9930.26
2024-02-15,4092.71
2024-02-11,58830.13
2024-02-16,57847.94
2024-02-06,99577.12
2024-02-13,85952.5
2024-02-10,58146.08
2024-02-16,70612.25
2024-02-16,95753.15
2024-02-28,82169.73
2024-02-22,73205.72
2024-02-07,45361.34
2024-02-18,99170.62
2024-02-24,28073.77
2024-02-15,67887.83
2024-02-16,95762.88
2024-02-22,74082.64
2024-02-28,82202.18
2024-02-02,76832.8
2024-02-12,34367.85
2024-02-04,57931.52
2024-02-26,19162.58
2024-02-28,8301.14
2024-02-24,25380.59
2024-02-23,1734.71
2024-02-14,14282.85
2024-02-13,7302.6
2024-02-22,62018.93
2024-02-29,22044.89
2024-02-12,50845.89
2024-02-09,30290.61
2024-02-02,1184.3
2024-02-21,33862.38
2024-02-10,532.09
2024-02-19,8953.4
2024-02-01,20009.36
2024-02-08,12444.6
2024-02-26,3988.25
2024-02-06,9652.48
2024-02-06,80752.19
2024-02-09,61932.37
2024-02-12,25015.06
2024-02-05,26469.78
2024-02-16,33450.23
2024-02-20,7374.19
2024-02-14,88823.4
2024-02-14,55470.91
2024-02-20,67031.06
2024-02-07,27757.67
2024-02-26,35748.56
2024-02-15,6546.29
2024-02-19,87690.14
2024-02-07,61303.72
2024-02-05,94934.42
2024-02-24,6247.83
2024-02-14,10607.05
2024-02-22,89850.26
2024-02-21,66362.35
2024-02-01,6067.96
2024-02-21,21483.42
2024-02-28,85354.51
2024-02-14,8938.31
2024-02-20,78343.72
2024-02-23,76240.47
2024-02-27,53678.46
2024-02-05,83112.8
2024-02-26,21575.2
2024-02-24,66407.4
2024-02-27,45571.51
2024-02-28,69539.86
2024-02-13,34564.19
2024-02-09,49658.26
2024-02-13,26309.65
2024-02-13,17912.08
2024-02-26,15558.73
2024-02-08,97741.06
2024-02-08,40592.57
2024-02-20,83640.84
2024-02-15,61093.29
2024-02-22,86653.66
2024-02-03,87619.53
2024-02-14,13577.07
2024-02-24,65780.82
2024-02-04,40549.42
2024-02-19,60164.55
2024-02-25,3854.61
2024-02-24,40684.67
2024-02-25,16765.22
2024-02-09,29406.71
2024-02-24,32626.49
2024-02-11,91714.82
2024-02-21,36599.75
2024-02-04,24603.48
2024-02-17,98490.92
2024-02-08,60838.18
2024-02-25,56358.29
2024-02-28,25655.04
2024-02-26,16764.53
2024-02-06,91733.61
2024-02-27,2722.92
2024-02-25,12025.23
2024-02-08,45421.2
2024-02-11,49272.88
2024-02-27,8193.43
2024-02-25,36600.36
2024-02-21,94571.84
2024-02-15,53679.64
2024-02-22,69200.59
2024-02-13,9416.68
2024-02-23,96406.07
2024-02-21,67359.08
2024-02-11,71844.85
2024-02-20,22732.43
2024-02-09,8384.77
2024-02-04,94255.74
2024-02-10,58043.27
2024-02-16,93359.91
2024-02-19,86314.06
2024-02-19,59855.6
2024-02-12,34254.82
2024-02-20,27110.9
2024-02-04,92180.64
2024-02-14,11279.18
2024-02-14,79014.43
2024-02-22,46518.9
2024-02-23,34978.19
2024-02-15,54144.46
2024-02-12,12213.45
2024-02-09,51825.98
2024-02-16,10217.88
2024-02-01,56243.34
2024-02-23,94719.26
2024-02-28,60478.08
2024-02-07,1686.84
2024-02-01,21842.93
2024-02-27,10181.39
2024-02-15,13957.39
2024-02-18,77789.17
2024-02-23,2794.55
2024-02-24,87973
2024-02-10,28314.05
2024-02-10,85112.58
2024-02-11,27161.88
2024-02-18,21489.59
2024-02-28,22873.6
2024-02-23,82368.82
2024-02-15,99045.3
2024-02-22,16854.9
2024-02-25,95748.07
2024-02-01,89868.93
2024-02-09,12035.44
2024-02-02,35669.33
2024-02-14,83908.31
2024-02-20,59572.54
2024-02-11,9639.31
2024-02-06,47624.58
2024-02-05,73146.17
2024-02-16,907.98
2024-02-27,79845.54
2024-02-02,69955.84
2024-02-22,65872.23
2024-02-06,60548.1
2024-02-18,41007.9
2024-02-25,73876.7
2024-02-12,5085.29
2024-02-28,24412.36
2024-02-29,32615.13
2024-02-17,59353.68
2024-02-04,4953.74
2024-02-09,26908.14
2024-02-04,80927.33
2024-02-09,88606.7
2024-02-13,31899.34
2024-02-19,98589.96
2024-02-20,19468.9
2024-02-15,54325.18
2024-02-04,87957.81
2024-02-14,92350.39
2024-02-28,37034.32
2024-02-28,3871.22
2024-02-12,19728.1
2024-02-05,30165.32
2024-02-28,13060.88
2024-02-03,92630.53
2024-02-23,7612.82
2024-02-14,59293.4
2024-02-10,62798.81
2024-02-01,90939.67
2024-02-23,47063.41
2024-02-27,75578.45
2024-02-13,7918.01
2024-02-26,60524.67
2024-02-23,77686.55
2024-02-04,23128.4
2024-02-18,52356.92
2024-02-15,95269.68
2024-02-17,47056.11
2024-02-25,10694.72
2024-02-11,26028.08
2024-02-04,95654.1
2024-02-17,23090.37
2024-02-27,44535.17
2024-02-19,22216.24
2024-02-12,20654.33
2024-02-14,7211.42
2024-02-13,84985.89
2024-02-11,46685.95
2024-02-11,99959.66
2024-02-15,40388.4
2024-02-26,83895.14
2024-02-18,99782.28
2024-02-03,23210.05
2024-02-25,16489.73
2024-02-13,34330.85
2024-02-16,49133.59
2024-02-13,1823.3
2024-02-12,80935.45
2024-02-13,23657.53
2024-02-18,10318.8
2024-02-28,21417.67
2024-02-10,13984.99
2024-02-01,42144.75
2024-02-19,79627.65
2024-02-04,18024.06
2024-02-07,65168.22
2024-02-20,77772.1
2024-02-20,74312.6
2024-02-13,81615.56
2024-02-23,86612.1
2024-02-05,14062.31
2024-02-06,94904.65
2024-02-22,91797.02
2024-02-13,89135.98
2024-02-09,36411.31
2024-02-14,56437.46
2024-02-05,8978.34
2024-02-14,62742.12
2024-02-02,49954.9
2024-02-15,59024.82
2024-02-10,82357.6
2024-02-10,64866.02
2024-02-08,59964.83
2024-02-03,26036.91
2024-02-10,94182.33
2024-02-25,90913.24
2024-02-06,22036.42
2024-02-21,83561.24
2024-02-19,29544.74
2024-02-09,51490.15
2024-02-26,18583.4
2024-02-20,40578.92
2024-02-17,72484
2024-02-10,21592.33
2024-02-22,78938.71
2024-02-24,64125.06
2024-02-11,58245.53
2024-02-20,87149.71
2024-02-15,7460.82
2024-02-03,83143.29
2024-02-24,99378.2
2024-02-23,24562.45
2024-02-20,4982.78
2024-02-28,33753.14
2024-02-05,59895.53
2024-02-10,17718.79
2024-02-22,95827.66
2024-02-04,4736
2024-02-12,36482.63
2024-02-22,49534.2
2024-02-05,48293.1
2024-02-05,818.77
2024-02-12,72502.59
2024-02-19,74091.04
2024-02-12,94699.21
2024-02-11,39053.41
2024-02-12,93785.14
2024-02-14,27810.76
2024-02-05,58377.37
2024-02-16,31682.77
2024-02-12,71923.77
2024-02-07,77800.46
2024-02-08,89426.37
2024-02-25,1267.46
2024-02-07,72645.5
2024-02-06,65593.74
2024-02-03,97791.82
2024-02-04,71934.41
2024-02-27,49759.13
2024-02-17,67072.56
2024-02-19,69471.37
2024-02-05,56016.06
2024-02-28,1791.81
2024-02-18,14299.44
2024-02-28,99182.79
2024-02-28,50743.35
2024-02-13,94209.53
2024-02-09,74739.14
2024-02-29,15092.46
2024-02-08,25235.24
2024-02-07,6625.62
2024-02-05,77117.75
2024-02-20,7668.79
2024-02-10,18809.72
2024-02-07,48863.42
2024-02-24,86062.1
2024-02-01,50501.85
2024-02-04,51061.68
2024-02-15,95009.74
2024-02-29,26480.12
2024-02-27,57987.06
2024-02-15,3181.53
2024-02-11,32915.88
2024-02-24,71601.1
2024-02-25,1370.09
2024-02-10,9696.61
2024-02-10,3742.07
2024-02-21,49721
2024-02-22,79208.54
2024-02-23,72510.68
2024-02-28,5340.94
2024-02-01,99582.11
2024-02-24,72257.77
2024-02-27,7523.54
2024-02-19,70502.47
2024-02-17,48592.03
2024-02-05,36237.79
2024-02-08,67723.78
2024-02-07,52438.97
2024-02-11,53458.32
2024-02-12,81395.66
2024-02-24,39360
2024-02-24,1995.57
2024-02-26,78830
2024-02-03,38958.02
2024-02-22,81032.87
2024-02-26,63745.84
2024-02-07,34927.29
2024-02-28,53361.6
2024-02-28,35528.2
2024-02-16,90378.13
2024-02-03,24935.31
2024-02-08,86055.75
2024-02-05,59062.42
2024-02-25,60866.06
2024-02-01,50260.61
2024-02-10,30184.08
2024-02-24,23645.65
2024-02-16,56062.41
2024-02-10,58970.46
2024-02-13,19542.35
2024-02-11,21109.77
2024-02-13,46667.74
2024-02-08,97291.93
2024-02-16,81653.78
2024-02-22,53845.71
2024-02-14,65581.02
2024-02-07,48518.93
2024-02-03,73211.6
2024-02-23,11206.14
2024-02-06,93619.53
2024-02-19,74144.87
2024-02-26,66787.95
2024-02-04,61094.79
2024-02-26,16938.55
2024-02-11,65305.99
2024-02-15,42721.14
2024-02-17,80437.03
2024-02-27,87722.86
2024-02-03,36519.75
2024-02-10,60698.68
2024-02-04,93823.98
2024-02-23,68303.03
2024-02-10,41292.34
2024-02-27,25088.19
2024-02-21,72213.64
2024-02-19,56115.94
2024-02-21,87053.55
2024-02-12,71220.58
2024-02-21,86730.68
2024-02-01,88796.53
2024-02-20,85785.79
2024-02-24,26668.07
2024-02-23,16442.17
2024-02-14,12548.99
2024-02-28,90398.34
2024-02-10,26716.85
2024-02-28,13103.95
2024-02-12,13904.52
2024-02-05,81914.74
2024-02-12,21167.29
2024-02-03,15418.19
2024-02-21,86684.14
2024-02-26,59375.68
2024-02-05,33651.17
2024-02-25,49869.53
2024-02-03,90729.45
2024-02-06,21621.11
2024-02-16,55137.48
2024-02-07,76541.54
2024-02-04,11328.61
2024-02-07,23738.8
2024-02-05,70794.48
2024-02-14,56550.39
2024-02-19,88836.64
2024-02-21,33355.49
2024-02-16,97392.5
2024-02-03,67274.98
2024-02-09,7239.07
2024-02-13,90711.4
2024-02-05,99580.21
2024-02-26,62522.81
2024-02-01,81703.6
2024-02-17,49480.36
2024-02-17,63867.1
2024-02-28,40683.64
2024-02-26,33873.18
2024-02-08,74860.58
2024-02-13,97686.45
2024-02-10,95050.84
2024-02-10,28973.87
2024-02-14,90505.13
2024-02-02,85525.7
2024-02-15,96017.15
2024-02-09,14679.53
2024-02-16,76824.75
2024-02-23,25334.57
2024-02-24,89590.58
2024-02-07,92332.07
2024-02-08,80307.05
2024-02-18,60614.81
2024-02-06,77378.09
2024-02-20,86707.51
2024-02-16,2044.44
2024-02-13,48049.08
2024-02-19,89759.94
2024-02-10,26223.05
2024-02-12,56888.05
2024-02-04,82271.51
2024-02-17,21332.16
2024-02-12,70358.45
2024-02-12,65004.78
2024-02-18,16029.9
2024-02-05,94251.66
2024-02-03,38062.35
2024-02-18,96009.72
2024-02-14,48131.03
2024-02-22,38383.12
2024-02-03,3845.75
2024-02-15,5775.92
2024-02-03,15144.2
2024-02-04,14516.43
2024-02-23,39765.49
2024-02-02,81166.52
2024-02-19,72307.9
2024-02-09,58028.69
2024-02-11,59736.55
2024-02-18,47910.12
2024-02-03,86424.36
2024-02-13,82989.32
2024-02-14,67176.1
2024-02-24,80849.08
2024-02-22,80795.67
2024-02-07,12440.72
2024-02-21,10253.16
2024-02-14,26854.53
2024-02-21,17522.39
2024-02-19,78814.39
2024-02-28,44469.85
2024-02-08,40627.55
2024-02-17,24735.79
2024-02-03,2015.12
2024-02-20,60425.18
2024-02-15,13476.31
2024-02-12,13533.45
2024-02-23,67438.49
2024-02-17,38145.3
2024-02-04,10907.28
2024-02-15,85834.36
2024-02-23,35441.06
2024-02-10,20209.12
2024-02-04,8137.22
2024-02-08,9765.45
2024-02-08,6260.12
2024-02-01,67006.16
2024-02-03,75055.14
2024-02-02,28614.66
2024-02-23,23534.04
2024-02-03,40218.34
2024-02-20,16965.58
2024-02-28,4169
2024-02-11,86460.81
2024-02-25,34952.65
2024-02-10,62509.72
2024-02-19,47189.14
2024-02-23,50662.89
2024-02-28,34192.08
2024-02-09,98731.46
2024-02-23,14849.32
2024-02-04,19529.56
2024-02-04,33601.32
2024-02-27,21570.16
2024-02-11,38480.45
2024-02-02,77049.15
2024-02-16,29795.44
2024-02-09,53111.63
2024-02-12,62903.85
2024-02-03,79453.42
2024-02-12,62848.37
2024-02-06,62958.51
2024-02-14,3092.78
2024-02-08,56589.66
2024-02-04,73337.98
2024-02-01,93401.15
2024-02-28,42629.54
2024-02-18,83226.7
2024-02-10,80838.32
2024-02-02,47383.11
2024-02-25,60326.56
2024-02-19,10171
2024-02-26,9541.89
2024-02-01,44392.4
2024-02-23,88877.24
2024-02-16,34459.1
2024-02-21,78253
2024-02-29,29601.01
2024-02-27,48776.56
2024-02-16,38178.64
2024-02-09,74985.12
2024-02-16,66900.14
2024-02-09,72631.71
2024-02-17,50001.7
2024-02-13,42889.58
2024-02-14,89495.88
2024-02-01,74224.63
2024-02-25,25889.71
2024-02-29,48643.06
2024-02-21,87913.08
2024-02-29,45945.8
2024-02-12,70845.4
2024-02-05,28822.24
2024-02-21,75243.7
2024-02-24,27597.26
2024-02-10,44482.13
2024-02-10,42653.79
2024-02-07,68357.01
2024-02-10,62266.04
2024-02-03,49982.56
2024-02-25,55755.74
2024-02-14,17631.39
2024-02-07,71695.19
2024-02-29,58976.33
2024-02-18,10427.03
2024-02-25,97501.59
2024-02-05,97690.62
2024-02-08,39856.81
2024-02-28,96268.35
2024-02-11,17077.56
2024-02-18,3476.85
2024-02-24,7058.37
2024-02-24,96828.34
2024-02-04,72412.78
2024-02-03,54978.89
2024-02-05,62752.63
2024-02-23,54468.52
2024-02-19,2390.48
2024-02-18,90638.87
2024-02-25,78156.84
2024-02-11,2391.9
2024-02-24,81005.45
2024-02-22,59306.43
2024-02-24,76465.39
2024-02-27,70811.36
2024-02-25,90980.13
2024-02-02,76919.83
2024-02-07,82336.93
2024-02-10,69383.21
2024-02-11,65455.6
2024-02-18,41315.59
2024-02-14,36538.57
2024-02-19,10902.89
2024-02-04,23463.56
2024-02-23,78960.89
2024-02-04,56889.72
2024-02-24,15087.96
2024-02-27,61419.84
2024-02-05,2167.04
2024-02-17,48817.06
2024-02-12,44142.86
2024-02-08,25901.89
2024-02-03,15748.89
2024-02-21,36272.09
2024-02-27,41296.83
2024-02-26,26286
2024-02-09,42448.58
2024-02-28,69081.04
2024-02-19,45119.16
2024-02-25,33828.96
2024-02-24,71124.14
2024-02-12,67491.85
2024-02-02,55073.28
2024-02-17,96196.63
2024-02-26,18889.31
2024-02-01,954.06
2024-02-12,58168.72
2024-02-07,68016.36
2024-02-07,97732.6
2024-02-13,25683.66
2024-02-09,64194.12
2024-02-20,79308.18
2024-02-09,46810.06
2024-02-01,45615.06
2024-02-23,1356.36
2024-02-14,49386.82
2024-02-01,58243.04
2024-02-25,92313.21
2024-02-06,27295.4
2024-02-05,4157.35
2024-02-09,1324.53
2024-02-24,25256.88
2024-02-12,86649.8
2024-02-28,28934.86
2024-02-24,63637.85
2024-02-11,57148.25
2024-02-10,67269.78
2024-02-12,35712.87
2024-02-12,37352.26
2024-02-17,55758.32
2024-02-19,79155.31
2024-02-26,34210.82
2024-02-04,43745.12
2024-02-16,70578.4
2024-02-22,54717.2
2024-02-26,93629.23
2024-02-05,1927.36
2024-02-26,18005.9
2024-02-03,94680.18
2024-02-01,39366.83
2024-02-04,12788.93
2024-02-07,71248.6
2024-02-13,65231.84
2024-02-12,86930.96
2024-02-11,95534.53
2024-02-03,81926.55
2024-02-14,25297.52
2024-02-09,56851.07
2024-02-11,61830.42
2024-02-12,45235.61
2024-02-08,2631.78
2024-02-10,6866.62
2024-02-19,29003.44
2024-02-16,58378.29
2024-02-22,47909.35
2024-02-09,13086.32
2024-02-06,44688.27
2024-02-04,80023.3
2024-02-17,57315.49
2024-02-23,45642.21
2024-02-11,6036.66
2024-02-17,65033.93
2024-02-25,63941.58
2024-02-05,76360.57
2024-02-03,90470.26
2024-02-01,16461.21
2024-02-05,57425.78
2024-02-13,14198.45
2024-02-10,82627.42
2024-02-18,77971.95
2024-02-11,97005.27
2024-02-24,69717.78
2024-02-27,40217.62
2024-02-02,83015.85
2024-02-02,62125.17
2024-02-20,4130.71
2024-02-25,73951.25
2024-02-03,73637.73
2024-02-09,3247.48
2024-02-22,54069.85
2024-02-17,35877.92
2024-02-17,88659.64
2024-02-25,46207.76
2024-02-01,36195.01
2024-02-19,60396.44
2024-02-01,96958.73
2024-02-03,84792.94
2024-02-08,60118.8
2024-02-15,58849.77
2024-02-06,68290.8
2024-02-24,44329.17
2024-02-04,27928.96
2024-02-16,8414.46
2024-02-03,17653.26
2024-02-27,10448.15
2024-02-22,73713.86
2024-02-27,96825.18
2024-02-04,31713.69
2024-02-20,19691.8
2024-02-05,62984.02
2024-02-03,11687.46
2024-02-05,12559.83
2024-02-05,40976.22
2024-02-05,33175.44
2024-02-25,59823.42
2024-02-12,73869.76
2024-02-09,75310.11
2024-02-24,81593.83
2024-02-14,79555.74
2024-02-25,53217.7
2024-02-22,4962.52
2024-02-04,20826.79
2024-02-08,87028.33
2024-02-09,80297.39
2024-02-18,707.53
2024-02-29,2029.01
2024-02-19,42283.08
2024-02-23,40231.31
2024-02-06,90763.03
2024-02-08,66973.64
2024-02-26,3442.67
2024-02-22,43090.09
2024-02-11,59265.66
2024-02-24,5982.62
2024-02-13,49065.32
2024-02-10,69130.49
2024-02-28,13973.74
2024-02-01,36266.96
2024-02-24,83333.46
2024-02-11,36278.89
2024-02-06,50871.17
2024-02-10,63421.27
2024-02-03,83121.35
2024-02-23,87907.63
2024-02-24,27320.89
2024-02-23,73544.48
2024-02-22,65298.52
2024-02-16,72413.38
2024-02-16,93417.89
2024-02-07,22782.66
2024-02-23,23286.3
2024-02-11,14478.77
2024-02-24,885.38
2024-02-01,42843.53
2024-02-23,99082.79
2024-02-25,77562.95
2024-02-12,60960.85
2024-02-18,13787.42
2024-02-05,34073.06
2024-02-18,16012.92
2024-02-10,73226.39
2024-02-11,2782.34
2024-02-23,22711.15
2024-02-27,29679.16
2024-02-26,33723.54
2024-02-18,32078.02
2024-02-25,14555.53
2024-02-15,77915.45
2024-02-18,90172.21
2024-02-19,52820.11
2024-02-08,12681.65
2024-02-22,82531.56
2024-02-25,64251.66
2024-02-09,59238.97
2024-02-02,70081.83
2024-02-27,82934.54
2024-02-28,39350.56
2024-02-22,89758.04
2024-02-08,8564.83
2024-02-18,48426.06
2024-02-21,1061.65
2024-02-07,84658.04
2024-02-27,58838.53
2024-02-23,15355.15
2024-02-02,18324.73
2024-02-03,35943.29
2024-02-23,76358.34
2024-02-17,91329.97
2024-02-29,33029.64
2024-02-09,97659.05
2024-02-12,28805.23
2024-02-17,35753.85
2024-02-18,78852.82
2024-02-23,57583.13
2024-02-10,25324.21
2024-02-01,34837.42
2024-02-25,59646.21
2024-02-12,57296
2024-02-02,16032.57
2024-02-20,5348.85
2024-02-23,44168.85
2024-02-11,96507.97
2024-02-28,93353.72
2024-02-24,13284.22
2024-02-16,27393.14
2024-02-13,84675.48
2024-02-20,26181.58
2024-02-15,90362.46
2024-02-21,88147.62
2024-02-22,28218.51
2024-02-22,89876.12
2024-02-06,3843.99
2024-02-24,41874.15
2024-02-08,38604.58
2024-02-04,59699.72
2024-02-27,12060.59
2024-02-21,655.26
2024-02-29,19016.17
2024-02-17,76966.53
2024-02-06,21052.84
2024-02-21,40888.97
2024-02-04,14884.86
2024-02-02,44881.18
2024-02-11,35858.69
2024-02-10,66125.31
2024-02-08,83214.3
2024-02-07,46445.77
2024-02-15,38924.26
2024-02-23,44417.44
2024-02-19,3109.55
2024-02-28,66604.5
2024-02-25,86272.02
2024-02-16,77603.46
2024-02-19,83619.64
2024-02-05,33170.44
2024-02-23,17598.21
2024-02-20,48919.46
2024-02-08,51616.64
2024-02-26,77026.71
2024-02-12,51265.17
2024-02-28,12861.76
2024-02-02,88257.63
2024-02-08,40778.86
2024-02-04,8602.01
2024-02-08,81510.2
2024-02-14,5742.77
2024-02-20,80580.43
2024-02-23,67752.92
2024-02-24,88463.03
2024-02-26,86384.23
2024-02-04,80657.37
2024-02-22,37782.21
2024-02-04,39453.98
2024-02-06,49420.13
2024-02-26,74273.57
2024-02-13,37355.86
2024-02-09,97710.09
2024-02-20,10508.23
2024-02-25,40527.98
2024-02-23,97879.54
2024-02-24,2790.14
2024-02-03,28703.02
2024-02-16,71262.32
2024-02-23,50951.13
2024-02-09,65895.33
2024-02-15,50863.19
2024-02-22,75290.24
2024-02-23,65631.67
2024-02-08,42691.84
2024-02-25,29239
2024-02-24,589.75
2024-02-25,62479.2
2024-02-07,89117.78
2024-02-18,79078.31
2024-02-07,31423.62
2024-02-19,38768.2
2024-02-07,41689.24
2024-02-24,43293.7
2024-02-21,76389.4
2024-02-10,49809.1
2024-02-27,88277.79
2024-02-07,12386.27
2024-02-03,79503.06
2024-02-16,79492.67
2024-02-25,92108.07
2024-02-17,65160.43
2024-02-09,57394.85
2024-02-24,16236.97
2024-02-28,16618.68
2024-02-16,28461.51
2024-02-05,22131.04
2024-02-17,43700.09
2024-02-14,81571.53
2024-02-03,47345.17
2024-02-03,44152.5
2024-02-25,70998.4
2024-02-09,34307.1
2024-02-04,25640.93
2024-02-14,37698.35
2024-02-19,22309.25
2024-02-27,43678.86
2024-02-06,27676.69
2024-02-09,30708.72
2024-02-11,24848.65
2024-02-10,16891.45
2024-02-02,42852.47
2024-02-16,33299.69
2024-02-22,91319.51
2024-02-16,22523.45
2024-02-12,74441.77
2024-02-25,38330.56
2024-02-20,68814.33
2024-02-01,83504.72
2024-02-03,86673.73
2024-02-27,21202.6
2024-02-14,1117.04
2024-02-04,73596.41
2024-02-21,57635.71
2024-02-20,10252.41
2024-02-26,93970.61
2024-02-14,37151.83
2024-02-11,99196.41
2024-02-05,48649.46
2024-02-09,23899.45
2024-02-16,5360.15
2024-02-08,97248.71
2024-02-18,43988.13
2024-02-26,75357.36
2024-02-27,77879.95
2024-02-23,9073.06
2024-02-18,36978.76
2024-02-08,35237.64
2024-02-18,48733.87
2024-02-04,72698.92
2024-02-05,48788.86
2024-02-19,24065.54
2024-02-27,41222.35
2024-02-06,52607.5
2024-02-20,52054.89
2024-02-28,93567.91
2024-02-09,48351.75
2024-02-16,11884.87
2024-02-10,24843.53
2024-02-12,31635.55
2024-02-20,94828.32
2024-02-12,13833.55
2024-02-06,3359.33
2024-02-16,28716.25
2024-02-18,77718.52
2024-02-15,30112.81
2024-02-06,74229.57
2024-02-23,79379.02
2024-02-01,34442.95
2024-02-21,88902.58
2024-02-22,85035.67
2024-02-13,98447.56
2024-02-08,84497.71
2024-02-14,99595.19
2024-02-13,35863.09
2024-02-27,14621.38
2024-02-10,42192.39
2024-02-08,68398.89
2024-02-26,42713.76
2024-02-06,23163.22
2024-02-22,90423.03
2024-02-26,30722.52
2024-02-27,99402.23
2024-02-26,76570.98
2024-02-09,13693.65
2024-02-09,604.69
2024-02-07,16385.25
2024-02-24,7393.74
2024-02-18,43928.97
2024-02-14,3933.75
2024-02-18,8183.84
2024-02-25,46395.49
2024-02-21,52097.22
2024-02-19,21905.71
2024-02-15,3249.73
2024-02-22,84580.18
2024-02-20,46227.05
2024-02-25,67798.62
2024-02-02,79355.2
2024-02-08,62808.05
2024-02-09,87886.77
2024-02-18,2865.14
2024-02-23,33812.98
2024-02-13,15213.42
2024-02-25,30138.34
2024-02-17,27745.27
2024-02-13,43855.11
2024-02-26,98240.17
2024-02-05,10533.11
2024-02-17,49562.92
2024-02-18,87281.55
2024-02-12,25210.12
2024-02-11,78513.05
2024-02-12,74476.75
2024-02-07,30600.81
2024-02-07,78530.3
2024-02-25,93681.01
2024-02-06,24259.49
2024-02-11,46168.81
2024-02-18,73470.15
2024-02-20,77956.16
2024-02-02,908.97
2024-02-16,2489.36
2024-02-21,60701.52
2024-02-01,37642
2024-02-05,18834.12
2024-02-12,77942.4
2024-02-22,10134.72
2024-02-04,28300.44
2024-02-03,4919
2024-02-29,10224.7
2024-02-17,68943.98
2024-02-12,47656.09
2024-02-14,50593.05
2024-02-26,27863.62
2024-02-28,56623.99
2024-02-23,20808.35
2024-02-06,9436.89
2024-02-16,1979.39
2024-02-08,80775.45
2024-02-10,9440.44
2024-02-15,60952.2
2024-02-20,49599.84
2024-02-09,18016.82
2024-02-24,44685.72
2024-02-19,83198.14
2024-02-06,56811.07
2024-02-06,53493.63
2024-02-05,80225.93
2024-02-14,62958.06
2024-02-26,42508.21
2024-02-09,40165.93
2024-02-05,63853
2024-02-12,81409.51
2024-02-09,25389.77
2024-02-05,23376.83
2024-02-15,52231.79
2024-02-25,25871.7
2024-02-24,7365.07
2024-02-25,62611.58
2024-02-24,32981.18
2024-02-24,33652.28
2024-02-09,13290.26
2024-02-14,9625.21
2024-02-26,58201.93
2024-02-05,70904.68
2024-02-03,54278.87
2024-02-29,21423.22
2024-02-23,58773.65
2024-02-19,62528.82
2024-02-03,37691.9
2024-02-20,96227.03
2024-02-09,10148.82
2024-02-19,73768.49
2024-02-20,46907.71
2024-02-24,32248.05
2024-02-10,20101.71
2024-02-22,48693.42
2024-02-11,943.13
2024-02-20,41846.87
2024-02-13,22513.13
2024-02-17,62780.09
2024-02-20,3930.26
2024-02-07,9337.58
2024-02-28,12746.76
2024-02-26,2037.1
2024-02-25,81295.05
2024-02-15,1143.75
2024-02-19,5140.05
2024-02-10,7219.96
2024-02-25,50208.13
2024-02-24,52109.02
2024-02-26,21439.98
2024-02-22,42827.57
2024-02-19,49394.01
2024-02-16,40040.95
2024-02-17,39921.4
2024-02-26,46142.29
2024-02-11,57190.43
2024-02-10,35663.46
2024-02-20,14728.23
2024-02-21,49305.98
2024-02-02,74820.58
2024-02-28,36820.46
2024-02-13,74193.29
2024-02-07,62994.65
2024-02-19,29513
2024-02-09,21536.88
2024-02-27,55602.24
2024-02-18,63065.07
2024-02-07,58420.58
2024-02-22,12750.4
2024-02-02,12638.61
2024-02-23,29577.68
2024-02-05,58392.35
2024-02-17,65878.4
2024-02-26,19249.5
2024-02-28,24961.99
2024-02-01,98399.85
2024-02-09,79460.31
2024-02-28,3981.12
2024-02-01,19759
2024-02-28,93019.18
2024-02-02,79648.13
2024-02-27,54783.64
2024-02-25,16735.38
2024-02-16,15229.36
2024-02-25,38596.07
2024-02-15,6378.89
2024-02-12,13557.96
2024-02-23,88102
2024-02-20,32058.54
2024-02-28,32312.27
2024-02-17,6232.65
2024-02-20,69160.78
2024-02-23,57604.59
2024-02-07,22869.84
2024-02-26,99842.96
2024-02-22,56286.84
2024-02-17,34739.01
2024-02-08,50487.29
2024-02-11,90258.66
2024-02-15,3748.94
2024-02-01,19202.27
2024-02-09,85754.6
2024-02-20,42857.39
2024-02-13,90129.28
2024-02-12,75928.38
2024-02-25,66112.92
2024-02-11,62763.49
2024-02-01,9011.21
2024-02-27,11663.31
2024-02-21,39176.88
2024-02-09,99673.97
2024-02-24,11469.2
2024-02-18,99866.3
2024-02-22,87492.76
2024-02-24,4186.22
2024-02-21,42234.2
2024-02-24,12039.64
2024-02-05,18141.45
2024-02-22,60421.94
2024-02-23,96374.07
2024-02-06,26664.12
2024-02-19,60650.88
2024-02-01,70598.51
2024-02-01,2017.17
2024-02-11,42885.6
2024-02-03,49874.5
2024-02-14,97148.07
2024-02-12,44134.2
2024-02-26,22077.16
2024-02-20,94391.49
2024-02-11,92019.99
2024-02-23,9627.86
2024-02-28,31712.35
2024-02-05,80665.87
2024-02-15,39970.95
2024-02-18,65013.15
2024-02-19,10598.63
2024-02-16,54880.33
2024-02-10,57762.62
2024-02-03,88042
2024-02-29,38458.86
2024-02-21,82053.82
2024-02-22,57763.08
2024-02-06,5901.14
2024-02-01,38698.95
2024-02-03,71537.41
2024-02-25,1875.98
2024-02-08,94852.76
2024-02-28,94477.6
2024-02-19,46689.49
2024-02-14,10773.04
2024-02-03,4594.36
2024-02-02,86720.16
2024-02-04,62947.35
2024-02-15,36673.76
2024-02-03,61211.01
2024-02-04,28478.96
2024-02-27,64217.16
2024-02-14,23808.81
2024-02-21,77130.15
2024-02-25,59196.18
2024-02-08,86096.65
2024-02-05,23064.41
2024-02-19,69707.02
2024-02-15,55572.95
2024-02-17,34707.59
2024-02-27,28470.71
2024-02-21,33465.06
2024-02-12,54717.01
2024-02-17,87907.3
2024-02-28,57522.64
2024-02-07,7484.73
2024-02-16,55041.73
2024-02-08,53752.87
2024-02-01,61775.2
2024-02-23,77919.41
2024-02-29,64880.3
2024-02-26,20502.3
2024-02-05,47056.75
2024-02-11,75980.08
2024-02-03,65793.6
2024-02-03,82590.46
2024-02-22,78597.36
2024-02-23,42801.61
2024-02-11,99023.41
2024-02-09,37903.98
2024-02-21,92526.94
2024-02-10,44202.43
2024-02-14,45607.15
2024-02-26,34735.39
2024-02-19,75984.45
2024-02-03,57503.88
2024-02-05,82980.66
2024-02-24,17214.08
2024-02-27,66451.45
2024-02-19,25729.51
2024-02-11,43283.34
2024-02-14,2759.16
2024-02-10,63838.13
2024-02-15,65004.13
2024-02-23,10734.55
2024-02-17,63087.37
2024-02-03,4011.6
2024-02-24,34519.81
2024-02-17,30630.18
2024-02-05,12445.19
2024-02-26,69978.71
2024-02-14,13671.05
2024-02-07,23182.58
2024-02-21,33744.71
2024-02-07,98571.92
2024-02-25,95469.69
2024-02-17,92244.27
2024-02-11,898.69
2024-02-17,43363.65
2024-02-21,28473.93
2024-02-05,68090.9
2024-02-04,95037.61
2024-02-28,49311.41
2024-02-07,52843.43
2024-02-01,58462.69
2024-02-04,50555.29
2024-02-12,43925.72
2024-02-07,61873.81
2024-02-26,92356.28
2024-02-16,62844.39
2024-02-16,78575.54
2024-02-23,28682.51
2024-02-04,47796.51
2024-02-19,71059.01
2024-02-19,33261.45
2024-02-17,67634.79
2024-02-08,8895.72
2024-02-15,16928.2
2024-02-16,25913.25
2024-02-16,75462.67
2024-02-24,51418.71
2024-02-11,15871.7
2024-02-13,47167.87
2024-02-07,76176.55
2024-02-19,45796.64
2024-02-08,11883.79
2024-02-16,5786.75
2024-02-23,78325
2024-02-21,58916.97
2024-02-10,70419.97
2024-02-18,73092.32
2024-02-19,62918.93
2024-02-18,39938.09
2024-02-06,31432.52
2024-02-03,58038.89
2024-02-28,94056.36
2024-02-26,23244.02
2024-02-05,75452.76
2024-02-22,19955.76
2024-02-04,65810.27
2024-02-27,75882.02
2024-02-16,57373.83
2024-02-01,13335.4
2024-02-13,49922.36
2024-02-17,1980.77
2024-02-14,21561.42
2024-02-13,68148.6
2024-02-11,9277.62
2024-02-15,11187.06
2024-02-20,28277.66
2024-02-28,19708.52
2024-02-23,39591.29
2024-02-01,74202.81
2024-02-14,38996.7
2024-02-03,89234.53
2024-02-27,22988.94
2024-02-05,99535.39
2024-02-22,92877.96
2024-02-20,66388.01
2024-02-05,75552.55
2024-02-21,76276.5
2024-02-02,73914.07
2024-02-20,8540.48
2024-02-19,34954.53
2024-02-12,32142.28
2024-02-13,12569.15
2024-02-14,20349.05
2024-02-17,12686.09
2024-02-04,90705.7
2024-02-10,52245.05
2024-02-10,82055.45
2024-02-15,42490.76
2024-02-05,38340.28
2024-02-04,86251.65
2024-02-08,86540.13
2024-02-08,62220.06
2024-02-25,56608.56
2024-02-13,28375.73
2024-02-15,98934.78
2024-02-26,25065.79
2024-02-19,33305.2
2024-02-19,38566.37
2024-02-06,99451.12
2024-02-23,26293.64
2024-02-15,31011.6
2024-02-28,58346.08
2024-02-03,48269.88
2024-02-07,43256.59
2024-02-06,93251.97
2024-02-09,23995.63
2024-02-26,13804.54
2024-02-01,52674.83
2024-02-07,64950.03
2024-02-13,9414.49
2024-02-11,79540.17
2024-02-09,7163.09
2024-02-08,50858.44
2024-02-18,12010.29
2024-02-05,80388.8
2024-02-23,2212.08
2024-02-19,1436.02
2024-02-01,67340.2
2024-02-03,67756.64
2024-02-27,83827.29
2024-02-04,80404.11
2024-02-19,21683.15
2024-02-10,62676.56
2024-02-05,79468.66
2024-02-09,3143.15
2024-02-04,92851.69
2024-02-02,50207.7
2024-02-17,94194.81
2024-02-10,1191.22
2024-02-07,45542.31
2024-02-12,85075.96
2024-02-12,25723.82
2024-02-09,42227.58
2024-02-05,38316.35
2024-02-15,62936.73
2024-02-19,34293.11
2024-02-08,26875.96
2024-02-06,99110.7
2024-02-19,24995.23
2024-02-23,94970.24
2024-02-05,79738.58
2024-02-08,29419.03
2024-02-19,30041.13
2024-02-09,4128.4
2024-02-08,48408.17
2024-02-25,20335.44
2024-02-27,75630.17
2024-02-12,39739.55
2024-02-24,31516.79
2024-02-19,7929.87
2024-02-17,52943.45
2024-02-22,41253.49
2024-02-25,70715.35
2024-02-16,50997.9
2024-02-12,34907.27
2024-02-23,74158.53
2024-02-25,94952.88
2024-02-01,62087.8
2024-02-11,86819.71
2024-02-01,43913.58
2024-02-10,22155.22
2024-02-03,68101.5
2024-02-06,76872.1
2024-02-16,77026.61
2024-02-23,81039.31
2024-02-25,90071.43
2024-02-02,96336.56
2024-02-02,45508.24
2024-02-20,91214.22
2024-02-13,87436.4
2024-02-17,73785.95
2024-02-01,53449.51
2024-02-27,52442.08
2024-02-15,90416.49
2024-02-24,63462.45
2024-02-05,9745.3
2024-02-06,3537.87
2024-02-14,18393.55
2024-02-08,35272.35
2024-02-20,48253.35
2024-02-13,20580.86
2024-02-08,6676.1
2024-02-01,93464.38
2024-02-25,78421.91
2024-02-16,77929.84
2024-02-19,21424.59
2024-02-04,77688.75
2024-02-24,62800.06
2024-02-05,34341.88
2024-02-01,97452.45
2024-02-03,14785.93
2024-02-17,83641.31
2024-02-14,45341.46
2024-02-09,57201.03
2024-02-04,92389.54
2024-02-12,29038.48
2024-02-25,49043.03
2024-02-22,86363
2024-02-10,25918.44
2024-02-27,28127.89
2024-02-17,95177.66
2024-02-05,75754.17
2024-02-21,25720.6
2024-02-09,61624.74
2024-02-15,72400.1
2024-02-24,62934.64
2024-02-16,16887.75
2024-02-05,71817.65
2024-02-21,61041.91
2024-02-27,17677.92
2024-02-17,63985.66
2024-02-23,32480.71
2024-02-15,95126.8
2024-02-21,41131.31
2024-02-02,55453.97
2024-02-13,83520.91
2024-02-09,28036.13
2024-02-22,13289.87
2024-02-24,70022.75
2024-02-19,61632.37
2024-02-21,96141.43
2024-02-07,91657.32
2024-02-01,80548.84
2024-02-11,35954.07
2024-02-23,10859.97
2024-02-09,29786.57
2024-02-27,2412.64
2024-02-20,7770.31
2024-02-28,36388.06
2024-02-27,77995.11
2024-02-11,88608.99
2024-02-04,8787.29
2024-02-15,62558.61
2024-02-10,68563.53
2024-02-01,77752.89
2024-02-02,71240.63
2024-02-22,37070.83
2024-02-10,84692.61
2024-02-12,18834.02
2024-02-14,71168.61
2024-02-24,15295.15
2024-02-23,94849.79
2024-02-28,59103.54
2024-02-11,66996.12
2024-02-27,86943.38
2024-02-25,93350.05
2024-02-07,93577.54
2024-02-15,99621.98
2024-02-04,27988.84
2024-02-06,32478.47
2024-02-09,25352.54
2024-02-17,4382.99
2024-02-28,55950.31
2024-02-08,53951
2024-02-29,98676.06
2024-02-04,86873.05
2024-02-22,44855.4
2024-02-08,76492.15
2024-02-09,75778.71
2024-02-15,40496.7
2024-02-16,91012.23
2024-02-23,6414.2
2024-02-28,26966.87
2024-02-16,79893.3
2024-02-23,15789.17
2024-02-12,92474.16
2024-02-16,14475.24
2024-02-16,11683.88
2024-02-04,98280.92
2024-02-04,93584.33
2024-02-20,35644.06
2024-02-15,57628.96
2024-02-07,68464.4
2024-02-22,33692.12
2024-02-12,18581.98
2024-02-07,47532.27
2024-02-07,82306.88
2024-02-07,43395.64
2024-02-28,14637.95
2024-02-18,34901.43
2024-02-12,46015.34
2024-02-22,60082.22
2024-02-15,59547.47
2024-02-08,22203.51
2024-02-06,90838.95
2024-02-07,33829.63
2024-02-27,86240.71
2024-02-11,52823.95
2024-02-26,65222.27
2024-02-03,82419.42
2024-02-16,86467.04
2024-02-09,53474.95
2024-02-12,1425.26
2024-02-27,99286.66
2024-02-22,38712.11
2024-02-25,78470.59
2024-02-12,71903.01
2024-02-12,86859.66
2024-02-18,24312.49
2024-02-13,39394.22
2024-02-03,77600.65
2024-02-07,55954.37
2024-02-25,30143.14
2024-02-22,64115.83
2024-02-26,10515.64
2024-02-07,40143.38
2024-02-05,11735.47
2024-02-21,14749.15
2024-02-14,59761.3
2024-02-08,68224.8
2024-02-09,32175.77
2024-02-16,87002.08